attribute,weight
buildings,0.166666666666667
medical,0.166666666666667
roads_and_bridges,0.166666666666667
power,0.166666666666667
sewer_and_water,0.166666666666667
shake_intensity,0.166666666666667
